year,d14c,sig_d14c
-5279.0,98.80687500000002,1.81
-5278.0,98.20687500000003,1.67
-5277.0,94.70687500000003,1.71
-5276.0,95.16687500000002,2.44
-5275.0,96.34687500000003,1.76
-5274.0,96.12687500000001,1.71
-5273.0,92.85687500000002,2.43
-5272.0,95.63187500000001,1.3248490480050925
-5271.0,97.96500000000002,1.0478131990006616
-5270.0,95.32500000000002,1.032288113851942
-5269.0,94.92750000000001,1.0247042256183
-5268.0,95.05250000000001,1.0113573799602196
-5267.0,95.93250000000002,1.1403124571800485
-5266.0,94.36000000000001,1.012749969143421
-5265.0,95.30750000000002,0.902216021804091
-5264.0,95.86250000000001,0.9589023672929377
-5263.0,94.18,0.8477396416353313
-5262.0,94.48750000000001,0.9475296829123613
-5261.0,93.18000000000002,0.9050241709479366
-5260.0,95.72500000000002,1.0527315659749166
-5259.0,111.14000000000001,0.8830699292808016
-5258.0,113.06000000000002,0.9268427590481569
-5257.0,110.48750000000001,0.8961793905240178
-5256.0,110.12500000000001,0.9064318783008461
-5255.0,107.02500000000002,0.9330259910634859
-5254.0,106.65500000000002,0.9429773327074198
-5253.0,105.07500000000002,0.855350805225552
-5252.0,102.76500000000001,0.9834728008440294
-5251.0,100.32250000000002,1.0052176381261921
-5250.0,97.18437500000002,1.0985900054160331
-5249.0,97.024375,1.0133881564117253
-5248.0,96.61104166666668,1.203541071634496
-5247.0,97.01437500000002,1.0282995672468214
-5246.0,96.633125,1.4050355867379303
-5245.0,92.85687500000002,1.53
-5244.0,93.93687500000001,1.71
-5243.0,94.07687500000002,1.59
-5242.0,94.76687500000001,1.62
-5241.0,92.03687500000002,1.52
-5240.0,92.99687500000002,1.63
-5239.0,88.56687500000002,2.43
-5238.0,89.47687500000002,1.69
-5237.0,90.50687500000002,1.51
-5235.0,88.94687500000002,1.61
-5234.0,90.09687500000003,2.29
-5233.0,91.43687500000001,2.38
-5232.0,87.99687500000002,2.29
-5231.0,88.10687500000002,1.49
-5230.0,87.71687500000002,1.6
